name,address,city,state,zipcode
Bama Auto Rentals,512 South Quintard Avenue,Anniston,Alabama,36201
Big Dawg Rentals,818 North Ouida St,Enterprise,Alabama,36331
Cruise America - Anchorage,2230 Cinnabar Loop,Anchorage,Alaska,99507
Cruise America - Phoenix,11 West Hampton Ave,Mesa,Arizona,85210
Sounds Good Mobile,3883 E Industrial Dr,Flagstaff,Arizona,86004
Rincon Rentals Inc,3101 E Prince Rd,Tucson,Arizona,85716
Cruise America - Los Angeles,2233 E. 223rd. St.,Carson,California,90810
Cruise America - San Francisco,5623 John Muir Drive,Newark,California,94560
Custom Bunk Beds & Uhaul,2425 Willow Ave,Antioch,California,94509
Bakersfield RV Rentals,1300 Ogden St.,Bakersfield,California,93305
ABC Rent A Car,2624 Newport Blvd,Costa Mesa,California,92627
Quality Clutch & Transmission,1236 E Mission Road,Fallbrook,California,92028
Fillmore Building Supply,437 Main Street,Fillmore,California,93015
Clovis Truck Rental,707 Jefferson Avenue,Clovis,California,93612
TNT Delivers & Storage,83711 Peach St,Indio,California,92201
XPress Auto Rentals,8460 Telegraph Rd,Downey,California,90240
Warner`s Truck Rental,2372A Industry Street,Oceanside,California,92054
Crest RV,2822 Main Street,Riverside,California,92501
German Motors,8631 Folsom Blvd.,Sacramento,California,95826
Pastor Auto Care Inc.,7920 Old Auburn Road,Citrus Heights,California,95610
Laguna Tire & Wheel,2220 Kausen Drive,Elk Grove,California,95758
The Shipping Outlet,63 Via Pico Plaza,San Clemente,California,92672
RV Rent LLC,8637 Troy Street,Spring Valley,California,91977
Condon Rentals,1899 S Norfolk St.,San Mateo,California,94403
Smith`s Rent A Car,3150 Santa Rosa Ave,Santa Rosa,California,95407
Joe Guzman Enterprises,1055 Vaughn Road,Dixon,California,95620
Cruise America - Denver,4180 Busch Place,Frederick,Colorado,80504
Mountaindale Cabins & RV Resort,2000 Barrett Rd,Colorado Springs,Colorado,80926
Neligons Auto Care Center,1213 Blue Hills Ave,Bloomfield,Connecticut,6002
Aamity Car & Truck Repair III LLC,129 Whalley Avenue,New Haven,Connecticut,6511
Cruise America - Orlando,2915 N. Orange Blossom Tr.,Kissimmee,Florida,34744
Gravely of Bradenton,5732 15 St East,Bradenton,Florida,34203
Storage King,5090 Ulmerton Rd.,Clearwater,Florida,33760
Delray Automotive & Marine,13400 S Military Trail,Delray Beach,Florida,33484
Anytime Rentals and Sales,7011 Alico Rd,Fort Myers,Florida,33912
Total Performance Auto & Truck Repair,3223 North 25th St.,Ft Pierce,Florida,34946
Chuck Bush Auto Repair Inc.,1011 SE 2nd Ave,Gainesville,Florida,32601
Tubel`s Tire & Service,5500 Jammes Rd,Jacksonville,Florida,32244
Southern Boat & RV Storage,850700 US-17,Yulee,Florida,32097
"Bueres Auto Service, Inc.",8201 N. Miami Ave.,Miami,Florida,33150
Maxx Motors,23501 S Dixie Hwy,Princeton,Florida,33032
Oviedo Boat & RV Storage - Autotronics,174 E Mitchell Hammock Rd,Oviedo,Florida,32765
All Pro Tune Up,6216 Hwy 90,Milton,Florida,32570
Outback Time Inc,346 Koa Rd,Montecello,Florida,32344
Discount Auto Mall,417 S. Military Trail,West Palm Beach,Florida,33415
Georgia Yard Barns,537 Industrial Blvd,McDonough,Georgia,30253
Gwinnett Rental & Truck Repair,3446 Buford Hwy,Duluth,Georgia,30096
EZ RV Service & Repair,509 S 41st Ave,Caldwell,Idaho,83605
Iron Horse Rentals,1178 University Blvd,Rexburg,Idaho,83440
Healy Auto Sales Inc.,895 Richardson Rd,E Dundee,Illinois,60118
Wenzels Automotive Service,1101 Sheridan Rd,Winthrop Harbor,Illinois,60096
State Road Auto Repair LLC,907 W Il Rte 120,Lakemoor,Illinois,60051
A&G Rental and Repairs,10S241 Schoger Drive,Naperville,Illinois,60564
The Truck Shop Inc,2732 Mannheim Rd,Franklin Park,Illinois,60131
Plainfield Motorcoach,23824 W Andrew Rd #105,Plainfield,Illinois,60585
Schwartz`s Inc,118 Cicero Road,Noblesville,Indiana,46060
Pure Rentals,305 Kentucky St.,Shelbyville,Kentucky,40065
Phil & Nicks Service Center,1625 Nicholson Dr,Baton Rouge,Louisiana,70802
The Lot,1900 West Pulaski Hwy,Elkton,Maryland,21921
Arrow Inc.,19590 Frederick Rd,Germantown,Maryland,20876
MetroWest Auto Sales,156 SW Cutoff,Worcester,Massachusetts,1604
Michigan RV Rentals Plus,12315 Northland Drive,Cedar Springs,Michigan,49319
Modern Classics Inc,1118 S Newburgh Rd.,Westland,Michigan,48186
Pro Power Rental,3175 Vermillion St,Hastings,Minnesota,55033
Express Stops,1650 Southwest Market St,Lee`s Summit,Missouri,64081
Taylors Choice Auto,720 Central Ave,Billings,Montana,59102
Big Boys Toys,69 New Ventures Drive,Bozeman,Montana,59718
Sport Land Inc.,12787 US Highway 93 S,Lolo,Montana,59847
A-1 Enterprises Inc,4114 S 90th Street,Omaha,Nebraska,68127
Cruise America - Las Vegas,551 N. Gibson Rd,Henderson,Nevada,89011
All New Equipment & Uhaul,465 S. Rock Blvd.,Sparks,Nevada,89431
Ocean Breeze RV,121 Lafayette Rd.,North Hampton,New Hampshire,3862
AL-RONS,5050 S White Horse Pike,Egg Harbor City,New Jersey,8215
Drive-Away Vacations Inc,574 US-46,Kenvil,New Jersey,7847
Rowmat Inc.,141 N. Beverwyck Rd.,Lake Hiawatha,New Jersey,7034
Commercial Vehicle Leasing,379 County Rd,Cliffwood,New Jersey,7721
Johnson`s Mt Laurel Auto Service Inc,2969 Marne Highway,Mt Laurel,New Jersey,8054
Interstate Motor & Auto,8533 Old Concord Road,Charlotte,North Carolina,28213
Direct Automobile Transport,4804 Hwy 74 W,Monroe,North Carolina,28110
WESTSIDE RENTALS,5412 US-70,Durham,North Carolina,27705
New Generation Rentals LLC.,397 Tar Heel Ferry Rd,Tar Heel,North Carolina,28392
Monarch Auto Rentals Inc,4519 W. Market Street,Greensboro,North Carolina,27407
Lakota Auto Sales & Leasing Inc,2619 Bobmeyer Rd,Fairfield,Ohio,45014
Lee`s RV & Boat Storage,3790 Scioto Darby Rd,Hilliard,Ohio,43026
Ruffs RV Center,140 Blackbrook Rd,Painesville TWP,Ohio,44077
PNW Autowork,6225 Old Salem Rd NE,Albany,Oregon,97321
ecoShuttle Charter & Tows,25500 SW Grahams Ferry Rd.,Sherwood,Oregon,97140
Cotner Trailers Inc,8521 Easton Rd,Ottsville,Pennsylvania,18942
Capitol Rentals & Sales,1122 Harrisburg Pike,Carlisle,Pennsylvania,17013
Kellys Worldclass Automotive,444 W Ridge Pike,Limerick,Pennsylvania,19468
Carnegie Motors,23 Chestnut St,Carnegie,Pennsylvania,15106
Parking Depot,1555 Salem Rd.,Beaufort,South Carolina,29902
Lexington True Value Hardware,2028 Augusta Hwy,Lexington,South Carolina,29072
Black Hills Auto Grooming,3465 Sturgis Road,Rapid City,South Dakota,57702
Melton Collision Center,2305 Hatcher Drive,Knoxville,Tennessee,37921
Autopro of Nashville,1610 Franklin Rd,Brentwood,Tennessee,37027
Annihilator Customs Inc,10106 N IH 35,Austin,Texas,78753
Love Field Auto Inc,8558 Denton Dr,Dallas,Texas,75235
JD Garage,201 Bedford Rd,Bedford,Texas,76022
EZ Rental Depot INC.,2630 North I-35E,Carrollton,Texas,75007
Complete Auto Repair Inc,1188 N US-67 North,Cedar Hill,Texas,75104
Eastex Rentals,22532 Loop 494,Kingwood,Texas,77339
West End Auto Works,13505 Alief Clodine Road,Houston,Texas,77082
Caprock RV Services,7405 Marsha Sharp Fwy.,Lubbock,Texas,79407
Texas Country RV,16415 S Access Rd,Canyon Lake,Texas,78133
Cruise America - Salt Lake City,4125 South State Street,Millcreek,Utah,84107
Cruise America - Manassas,8000 Wellingford Drive,Manassas,Virginia,20109
Picture Lake Campground,7818 Boydton Plank Rd,Petersburg,Virginia,23803
Cruise America - Seattle,12201 WA-99,Everett,Washington,98204
Fall City Trading Post,33358 SE Redmond-Fall City Rd,Fall City,Washington,98024
