name,address,city,zipcode,state
Bama Auto Rentals,512 South Quintard Avenue,Anniston,36201,Alabama
Big Dawg Rentals,818 North Ouida St,Enterprise,36331,Alabama
Cruise America - Anchorage,2230 Cinnabar Loop,Anchorage,99507,Alaska
Cruise America - Phoenix,11 West Hampton Ave,Mesa,85210,Arizona
Sounds Good Mobile,3883 E Industrial Dr,Flagstaff,86004,Arizona
Rincon Rentals Inc,3101 E Prince Rd,Tucson,85716,Arizona
Cruise America - Los Angeles,2233 E. 223rd. St.,Carson,90810,California
Cruise America - San Francisco,5623 John Muir Drive,Newark,94560,California
Custom Bunk Beds & Uhaul,2425 Willow Ave,Antioch,94509,California
Bakersfield RV Rentals,1300 Ogden St.,Bakersfield,93305,California
ABC Rent A Car,2624 Newport Blvd,Costa Mesa,92627,California
Quality Clutch & Transmission,1236 E Mission Road,Fallbrook,92028,California
Fillmore Building Supply,437 Main Street,Fillmore,93015,California
Clovis Truck Rental,707 Jefferson Avenue,Clovis,93612,California
TNT Delivers & Storage,83711 Peach St,Indio,92201,California
XPress Auto Rentals,8460 Telegraph Rd,Downey,90240,California
Warner`s Truck Rental,2372A Industry Street,Oceanside,92054,California
Crest RV,2822 Main Street,Riverside,92501,California
German Motors,8631 Folsom Blvd.,Sacramento,95826,California
Pastor Auto Care Inc.,7920 Old Auburn Road,Citrus Heights,95610,California
Laguna Tire & Wheel,2220 Kausen Drive,Elk Grove,95758,California
The Shipping Outlet,63 Via Pico Plaza,San Clemente,92672,California
RV Rent LLC,8637 Troy Street,Spring Valley,91977,California
Condon Rentals,1899 S Norfolk St.,San Mateo,94403,California
Smith`s Rent A Car,3150 Santa Rosa Ave,Santa Rosa,95407,California
Joe Guzman Enterprises,1055 Vaughn Road,Dixon,95620,California
Cruise America - Denver,4180 Busch Place,Frederick,80504,Colorado
Mountaindale Cabins & RV Resort,2000 Barrett Rd,Colorado Springs,80926,Colorado
Neligons Auto Care Center,1213 Blue Hills Ave,Bloomfield,06002,Connecticut
Aamity Car & Truck Repair III LLC,129 Whalley Avenue,New Haven,06511,Connecticut
Cruise America - Orlando,2915 N. Orange Blossom Tr.,Kissimmee,34744,Florida
Gravely of Bradenton,5732 15 St East,Bradenton,34203,Florida
Storage King,5090 Ulmerton Rd.,Clearwater,33760,Florida
Delray Automotive & Marine,13400 S Military Trail,Delray Beach,33484,Florida
Anytime Rentals and Sales,7011 Alico Rd,Fort Myers,33912,Florida
Total Performance Auto & Truck Repair,3223 North 25th St.,Ft Pierce,34946,Florida
Chuck Bush Auto Repair Inc.,1011 SE 2nd Ave,Gainesville,32601,Florida
Tubel`s Tire & Service,5500 Jammes Rd,Jacksonville,32244,Florida
Southern Boat & RV Storage,850700 US-17,Yulee,32097,Florida
"Bueres Auto Service, Inc.",8201 N. Miami Ave.,Miami,33150,Florida
Maxx Motors,23501 S Dixie Hwy,Princeton,33032,Florida
Oviedo Boat & RV Storage - Autotronics,174 E Mitchell Hammock Rd,Oviedo,32765,Florida
All Pro Tune Up,6216 Hwy 90,Milton,32570,Florida
Outback Time Inc,346 Koa Rd,Montecello,32344,Florida
Discount Auto Mall,417 S. Military Trail,West Palm Beach,33415,Florida
Georgia Yard Barns,537 Industrial Blvd,McDonough,30253,Georgia
Gwinnett Rental & Truck Repair,3446 Buford Hwy,Duluth,30096,Georgia
EZ RV Service & Repair,509 S 41st Ave,Caldwell,83605,Idaho
Iron Horse Rentals,1178 University Blvd,Rexburg,83440,Idaho
Healy Auto Sales Inc.,895 Richardson Rd,E Dundee,60118,Illinois
Wenzels Automotive Service,1101 Sheridan Rd,Winthrop Harbor,60096,Illinois
State Road Auto Repair LLC,907 W Il Rte 120,Lakemoor,60051,Illinois
A&G Rental and Repairs,10S241 Schoger Drive,Naperville,60564,Illinois
The Truck Shop Inc,2732 Mannheim Rd,Franklin Park,60131,Illinois
Plainfield Motorcoach,23824 W Andrew Rd #105,Plainfield,60585,Illinois
Schwartz`s Inc,118 Cicero Road,Noblesville,46060,Indiana
Pure Rentals,305 Kentucky St.,Shelbyville,40065,Kentucky
Phil & Nicks Service Center,1625 Nicholson Dr,Baton Rouge,70802,Louisiana
The Lot,1900 West Pulaski Hwy,Elkton,21921,Maryland
Arrow Inc.,19590 Frederick Rd,Germantown,20876,Maryland
MetroWest Auto Sales,156 SW Cutoff,Worcester,01604,Massachusetts
Michigan RV Rentals Plus,12315 Northland Drive,Cedar Springs,49319,Michigan
Modern Classics Inc,1118 S Newburgh Rd.,Westland,48186,Michigan
Pro Power Rental,3175 Vermillion St,Hastings,55033,Minnesota
Express Stops,1650 Southwest Market St,Lee`s Summit,64081,Missouri
Taylors Choice Auto,720 Central Ave,Billings,59102,Montana
Big Boys Toys,69 New Ventures Drive,Bozeman,59718,Montana
Sport Land Inc.,12787 US Highway 93 S,Lolo,59847,Montana
A-1 Enterprises Inc,4114 S 90th Street,Omaha,68127,Nebraska
Cruise America - Las Vegas,551 N. Gibson Rd,Henderson,89011,Nevada
All New Equipment & Uhaul,465 S. Rock Blvd.,Sparks,89431,Nevada
Ocean Breeze RV,121 Lafayette Rd.,North Hampton,03862,New Hampshire
AL-RONS,5050 S White Horse Pike,Egg Harbor City,08215,New Jersey
Drive-Away Vacations Inc,574 US-46,Kenvil,07847,New Jersey
Rowmat Inc.,141 N. Beverwyck Rd.,Lake Hiawatha,07034,New Jersey
Commercial Vehicle Leasing,379 County Rd,Cliffwood,07721,New Jersey
Johnson`s Mt Laurel Auto Service Inc,2969 Marne Highway,Mt Laurel,08054,New Jersey
Interstate Motor & Auto,8533 Old Concord Road,Charlotte,28213,North Carolina
Direct Automobile Transport,4804 Hwy 74 W,Monroe,28110,North Carolina
WESTSIDE RENTALS,5412 US-70,Durham,27705,North Carolina
New Generation Rentals LLC.,397 Tar Heel Ferry Rd,Tar Heel,28392,North Carolina
Monarch Auto Rentals Inc,4519 W. Market Street,Greensboro,27407,North Carolina
Lakota Auto Sales & Leasing Inc,2619 Bobmeyer Rd,Fairfield,45014,Ohio
Lee`s RV & Boat Storage,3790 Scioto Darby Rd,Hilliard,43026,Ohio
Ruffs RV Center,140 Blackbrook Rd,Painesville TWP,44077,Ohio
PNW Autowork,6225 Old Salem Rd NE,Albany,97321,Oregon
ecoShuttle Charter & Tows,25500 SW Grahams Ferry Rd.,Sherwood,97140,Oregon
Cotner Trailers Inc,8521 Easton Rd,Ottsville,18942,Pennsylvania
Capitol Rentals & Sales,1122 Harrisburg Pike,Carlisle,17013,Pennsylvania
Kellys Worldclass Automotive,444 W Ridge Pike,Limerick,19468,Pennsylvania
Carnegie Motors,23 Chestnut St,Carnegie,15106,Pennsylvania
Parking Depot,1555 Salem Rd.,Beaufort,29902,South Carolina
Lexington True Value Hardware,2028 Augusta Hwy,Lexington,29072,South Carolina
Black Hills Auto Grooming,3465 Sturgis Road,Rapid City,57702,South Dakota
Melton Collision Center,2305 Hatcher Drive,Knoxville,37921,Tennessee
Autopro of Nashville,1610 Franklin Rd,Brentwood,37027,Tennessee
Annihilator Customs Inc,10106 N IH 35,Austin,78753,Texas
Love Field Auto Inc,8558 Denton Dr,Dallas,75235,Texas
JD Garage,201 Bedford Rd,Bedford,76022,Texas
EZ Rental Depot INC.,2630 North I-35E,Carrollton,75007,Texas
Complete Auto Repair Inc,1188 N US-67 North,Cedar Hill,75104,Texas
Eastex Rentals,22532 Loop 494,Kingwood,77339,Texas
West End Auto Works,13505 Alief Clodine Road,Houston,77082,Texas
Caprock RV Services,7405 Marsha Sharp Fwy.,Lubbock,79407,Texas
Texas Country RV,16415 S Access Rd,Canyon Lake,78133,Texas
Cruise America - Salt Lake City,4125 South State Street,Millcreek,84107,Utah
Cruise America - Manassas,8000 Wellingford Drive,Manassas,20109,Virginia
Picture Lake Campground,7818 Boydton Plank Rd,Petersburg,23803,Virginia
Cruise America - Seattle,12201 WA-99,Everett,98204,Washington
Fall City Trading Post,33358 SE Redmond-Fall City Rd,Fall City,98024,Washington
